Dog,Link
Affenpinscher,http://dogtime.com/dog-breeds/affenpinscher
Afghan Hound,http://dogtime.com/dog-breeds/afghan-hound
Airedale Terrier,http://dogtime.com/dog-breeds/airedale-terrier
Akita,http://dogtime.com/dog-breeds/akita
Alaskan Klee Kai,http://dogtime.com/dog-breeds/alaskan-klee-kai
Alaskan Malamute,http://dogtime.com/dog-breeds/alaskan-malamute
American Bulldog,http://dogtime.com/dog-breeds/american-bulldog
American English Coonhound,http://dogtime.com/dog-breeds/american-english-coonhound
American Eskimo Dog,http://dogtime.com/dog-breeds/american-eskimo-dog
American Foxhound,http://dogtime.com/dog-breeds/american-foxhound
American Pit Bull Terrier,http://dogtime.com/dog-breeds/american-pit-bull-terrier
American Staffordshire Terrier,http://dogtime.com/dog-breeds/american-staffordshire-terrier
American Water Spaniel,http://dogtime.com/dog-breeds/american-water-spaniel
Anatolian Shepherd Dog,http://dogtime.com/dog-breeds/anatolian-shepherd-dog
Appenzeller Sennenhunde,http://dogtime.com/dog-breeds/appenzeller-sennenhunde
Australian Cattle Dog,http://dogtime.com/dog-breeds/australian-cattle-dog
Australian Shepherd,http://dogtime.com/dog-breeds/australian-shepherd
Australian Terrier,http://dogtime.com/dog-breeds/australian-terrier
Azawakh,http://dogtime.com/dog-breeds/azawakh
Barbet,http://dogtime.com/dog-breeds/barbet
Basenji,http://dogtime.com/dog-breeds/basenji
Basset Hound,http://dogtime.com/dog-breeds/basset-hound
Beagle,http://dogtime.com/dog-breeds/beagle
Bearded Collie,http://dogtime.com/dog-breeds/bearded-collie
Bedlington Terrier,http://dogtime.com/dog-breeds/bedlington-terrier
Belgian Malinois,http://dogtime.com/dog-breeds/belgian-malinois
Belgian Sheepdog,http://dogtime.com/dog-breeds/belgian-sheepdog
Belgian Tervuren,http://dogtime.com/dog-breeds/belgian-tervuren
Berger Picard,http://dogtime.com/dog-breeds/berger-picard
Bernedoodle,http://dogtime.com/dog-breeds/bernedoodle
Bernese Mountain Dog,http://dogtime.com/dog-breeds/bernese-mountain-dog
Bichon Frise,http://dogtime.com/dog-breeds/bichon-frise
Black and Tan Coonhound,http://dogtime.com/dog-breeds/black-and-tan-coonhound
Black Mouth Cur,http://dogtime.com/dog-breeds/black-mouth-cur
Black Russian Terrier,http://dogtime.com/dog-breeds/black-russian-terrier
Bloodhound,http://dogtime.com/dog-breeds/bloodhound
Blue Lacy,http://dogtime.com/dog-breeds/blue-lacy
Bluetick Coonhound,http://dogtime.com/dog-breeds/bluetick-coonhound
Boerboel,http://dogtime.com/dog-breeds/boerboel
Bolognese,http://dogtime.com/dog-breeds/bolognese
Border Collie,http://dogtime.com/dog-breeds/border-collie
Border Terrier,http://dogtime.com/dog-breeds/border-terrier
Borzoi,http://dogtime.com/dog-breeds/borzoi
Boston Terrier,http://dogtime.com/dog-breeds/boston-terrier
Bouvier des Flandres,http://dogtime.com/dog-breeds/bouvier-des-flandres
Boxer,http://dogtime.com/dog-breeds/boxer
Boykin Spaniel,http://dogtime.com/dog-breeds/boykin-spaniel
Bracco Italiano,http://dogtime.com/dog-breeds/bracco-italiano
Briard,http://dogtime.com/dog-breeds/briard
Brittany,http://dogtime.com/dog-breeds/brittany
Brussels Griffon,http://dogtime.com/dog-breeds/brussels-griffon
Bull Terrier,http://dogtime.com/dog-breeds/bull-terrier
Bulldog,http://dogtime.com/dog-breeds/bulldog
Bullmastiff,http://dogtime.com/dog-breeds/bullmastiff
Cairn Terrier,http://dogtime.com/dog-breeds/cairn-terrier
Canaan Dog,http://dogtime.com/dog-breeds/canaan-dog
Cane Corso,http://dogtime.com/dog-breeds/cane-corso
Cardigan Welsh Corgi,http://dogtime.com/dog-breeds/cardigan-welsh-corgi
Catahoula Leopard Dog,http://dogtime.com/dog-breeds/catahoula-leopard-dog
Caucasian Shepherd Dog,http://dogtime.com/dog-breeds/caucasian-shepherd-dog
Cavalier King Charles Spaniel,http://dogtime.com/dog-breeds/cavalier-king-charles-spaniel
Cesky Terrier,http://dogtime.com/dog-breeds/cesky-terrier
Chesapeake Bay Retriever,http://dogtime.com/dog-breeds/chesapeake-bay-retriever
Chihuahua,http://dogtime.com/dog-breeds/chihuahua
Chinese Crested,http://dogtime.com/dog-breeds/chinese-crested
Chinese Shar-Pei,http://dogtime.com/dog-breeds/chinese-shar-pei
Chinook,http://dogtime.com/dog-breeds/chinook
Chow Chow,http://dogtime.com/dog-breeds/chow-chow
Clumber Spaniel,http://dogtime.com/dog-breeds/clumber-spaniel
Cockapoo,http://dogtime.com/dog-breeds/cockapoo
Cocker Spaniel,http://dogtime.com/dog-breeds/cocker-spaniel
Collie,http://dogtime.com/dog-breeds/collie
Coton de Tulear,http://dogtime.com/dog-breeds/coton-de-tulear
Curly-Coated Retriever,http://dogtime.com/dog-breeds/curly-coated-retriever
Dachshund,http://dogtime.com/dog-breeds/dachshund
Dalmatian,http://dogtime.com/dog-breeds/dalmatian
Dandie Dinmont Terrier,http://dogtime.com/dog-breeds/dandie-dinmont-terrier
Doberman Pinscher,http://dogtime.com/dog-breeds/doberman-pinscher
Dogo Argentino,http://dogtime.com/dog-breeds/dogo-argentino
Dogue de Bordeaux,http://dogtime.com/dog-breeds/dogue-de-bordeaux
Dutch Shepherd,http://dogtime.com/dog-breeds/dutch-shepherd
English Cocker Spaniel,http://dogtime.com/dog-breeds/english-cocker-spaniel
English Foxhound,http://dogtime.com/dog-breeds/english-foxhound
English Setter,http://dogtime.com/dog-breeds/english-setter
English Springer Spaniel,http://dogtime.com/dog-breeds/english-springer-spaniel
English Toy Spaniel,http://dogtime.com/dog-breeds/english-toy-spaniel
Entlebucher Mountain Dog,http://dogtime.com/dog-breeds/entlebucher-mountain-dog
Field Spaniel,http://dogtime.com/dog-breeds/field-spaniel
Finnish Lapphund,http://dogtime.com/dog-breeds/finnish-lapphund
Finnish Spitz,http://dogtime.com/dog-breeds/finnish-spitz
Flat-Coated Retriever,http://dogtime.com/dog-breeds/flat-coated-retriever
Fox Terrier,http://dogtime.com/dog-breeds/fox-terrier
French Bulldog,http://dogtime.com/dog-breeds/french-bulldog
German Pinscher,http://dogtime.com/dog-breeds/german-pinscher
German Shepherd Dog,http://dogtime.com/dog-breeds/german-shepherd-dog
German Shorthaired Pointer,http://dogtime.com/dog-breeds/german-shorthaired-pointer
German Wirehaired Pointer,http://dogtime.com/dog-breeds/german-wirehaired-pointer
Giant Schnauzer,http://dogtime.com/dog-breeds/giant-schnauzer
Glen of Imaal Terrier,http://dogtime.com/dog-breeds/glen-of-imaal-terrier
Goldador,http://dogtime.com/dog-breeds/goldador
Golden Retriever,http://dogtime.com/dog-breeds/golden-retriever
Goldendoodle,http://dogtime.com/dog-breeds/goldendoodle
Gordon Setter,http://dogtime.com/dog-breeds/gordon-setter
Great Dane,http://dogtime.com/dog-breeds/great-dane
Great Pyrenees,http://dogtime.com/dog-breeds/great-pyrenees
Greater Swiss Mountain Dog,http://dogtime.com/dog-breeds/greater-swiss-mountain-dog
Greyhound,http://dogtime.com/dog-breeds/greyhound
Harrier,http://dogtime.com/dog-breeds/harrier
Havanese,http://dogtime.com/dog-breeds/havanese
Ibizan Hound,http://dogtime.com/dog-breeds/ibizan-hound
Icelandic Sheepdog,http://dogtime.com/dog-breeds/icelandic-sheepdog
Irish Red and White Setter,http://dogtime.com/dog-breeds/irish-red-and-white-setter
Irish Setter,http://dogtime.com/dog-breeds/irish-setter
Irish Terrier,http://dogtime.com/dog-breeds/irish-terrier
Irish Water Spaniel,http://dogtime.com/dog-breeds/irish-water-spaniel
Irish Wolfhound,http://dogtime.com/dog-breeds/irish-wolfhound
Italian Greyhound,http://dogtime.com/dog-breeds/italian-greyhound
Jack Russell Terrier,http://dogtime.com/dog-breeds/jack-russell-terrier
Japanese Chin,http://dogtime.com/dog-breeds/japanese-chin
Korean Jindo Dog,http://dogtime.com/dog-breeds/jindo
Keeshond,http://dogtime.com/dog-breeds/keeshond
Kerry Blue Terrier,http://dogtime.com/dog-breeds/kerry-blue-terrier
Komondor,http://dogtime.com/dog-breeds/komondor
Kooikerhondje,http://dogtime.com/dog-breeds/kooikerhondje
Kuvasz,http://dogtime.com/dog-breeds/kuvasz
Labradoodle,http://dogtime.com/dog-breeds/labradoodle
Labrador Retriever,http://dogtime.com/dog-breeds/labrador-retriever
Lakeland Terrier,http://dogtime.com/dog-breeds/lakeland-terrier
Lancashire Heeler,http://dogtime.com/dog-breeds/lancashire-heeler
Leonberger,http://dogtime.com/dog-breeds/leonberger
Lhasa Apso,http://dogtime.com/dog-breeds/lhasa-apso
Lowchen,http://dogtime.com/dog-breeds/lowchen
Maltese,http://dogtime.com/dog-breeds/maltese
Maltese Shih Tzu,http://dogtime.com/dog-breeds/maltese-shih-tzu
Maltipoo,http://dogtime.com/dog-breeds/maltipoo
Manchester Terrier,http://dogtime.com/dog-breeds/manchester-terrier
Mastiff,http://dogtime.com/dog-breeds/mastiff
Miniature Pinscher,http://dogtime.com/dog-breeds/miniature-pinscher
Miniature Schnauzer,http://dogtime.com/dog-breeds/miniature-schnauzer
Mutt,http://dogtime.com/dog-breeds/mutt
Neapolitan Mastiff,http://dogtime.com/dog-breeds/neapolitan-mastiff
Newfoundland,http://dogtime.com/dog-breeds/newfoundland
Norfolk Terrier,http://dogtime.com/dog-breeds/norfolk-terrier
Norwegian Buhund,http://dogtime.com/dog-breeds/norwegian-buhund
Norwegian Elkhound,http://dogtime.com/dog-breeds/norwegian-elkhound
Norwegian Lundehund,http://dogtime.com/dog-breeds/norwegian-lundehund
Norwich Terrier,http://dogtime.com/dog-breeds/norwich-terrier
Nova Scotia Duck Trolling Retriever,http://dogtime.com/dog-breeds/nova-scotia-duck-tolling-retriever
Old English Sheepdog,http://dogtime.com/dog-breeds/old-english-sheepdog
Otterhound,http://dogtime.com/dog-breeds/otterhound
Papillon,http://dogtime.com/dog-breeds/papillon
Peekapoo,http://dogtime.com/dog-breeds/peekapoo
Pekingese,http://dogtime.com/dog-breeds/pekingese
Pembroke Welsh Corgi,http://dogtime.com/dog-breeds/pembroke-welsh-corgi
Petit Basset Griffon Vendeen,http://dogtime.com/dog-breeds/petit-basset-griffon-vendeen
Pharaoh Hound,http://dogtime.com/dog-breeds/pharaoh-hound
Plott,http://dogtime.com/dog-breeds/plott
Pocket Beagle,http://dogtime.com/dog-breeds/pocket-beagle
Pointer,http://dogtime.com/dog-breeds/pointer
Polish Lowland Sheepdog,http://dogtime.com/dog-breeds/polish-lowland-sheepdog
Pomeranian,http://dogtime.com/dog-breeds/pomeranian
Pomsky,http://dogtime.com/dog-breeds/pomsky
Poodle,http://dogtime.com/dog-breeds/poodle
Portuguese Water Dog,http://dogtime.com/dog-breeds/portuguese-water-dog
Pug,http://dogtime.com/dog-breeds/pug
Puggle,http://dogtime.com/dog-breeds/puggle
Puli,http://dogtime.com/dog-breeds/puli
Pyrenean Shepherd,http://dogtime.com/dog-breeds/pyrenean-shepherd
Rat Terrier,http://dogtime.com/dog-breeds/rat-terrier
Redbone Coonhound,http://dogtime.com/dog-breeds/redbone-coonhound
Rhodesian Ridgeback,http://dogtime.com/dog-breeds/rhodesian-ridgeback
Rottweiler,http://dogtime.com/dog-breeds/rottweiler
Saint Bernard,http://dogtime.com/dog-breeds/saint-bernard
Saluki,http://dogtime.com/dog-breeds/saluki
Samoyed,http://dogtime.com/dog-breeds/samoyed
Schipperke,http://dogtime.com/dog-breeds/schipperke
Schnoodle,http://dogtime.com/dog-breeds/schnoodle
Scottish Deerhound,http://dogtime.com/dog-breeds/scottish-deerhound
Scottish Terrier,http://dogtime.com/dog-breeds/scottish-terrier
Sealyham Terrier,http://dogtime.com/dog-breeds/sealyham-terrier
Shetland Sheepdog,http://dogtime.com/dog-breeds/shetland-sheepdog
Shiba Inu,http://dogtime.com/dog-breeds/shiba-inu
Shih Tzu,http://dogtime.com/dog-breeds/shih-tzu
Siberian Husky,http://dogtime.com/dog-breeds/siberian-husky
Silky Terrier,http://dogtime.com/dog-breeds/silky-terrier
Skye Terrier,http://dogtime.com/dog-breeds/skye-terrier
Sloughi,http://dogtime.com/dog-breeds/sloughi
Small Munsterlander Pointer,http://dogtime.com/dog-breeds/small-munsterlander-pointer
Soft Coated Wheaten Terrier,http://dogtime.com/dog-breeds/soft-coated-wheaten-terrier
Stabyhoun,http://dogtime.com/dog-breeds/stabyhoun
Staffordshire Bull Terrier,http://dogtime.com/dog-breeds/staffordshire-bull-terrier
Standard Schnauzer,http://dogtime.com/dog-breeds/standard-schnauzer
Sussex Spaniel,http://dogtime.com/dog-breeds/sussex-spaniel
Swedish Vallhund,http://dogtime.com/dog-breeds/swedish-vallhund
Tibetan Mastiff,http://dogtime.com/dog-breeds/tibetan-mastiff
Tibetan Spaniel,http://dogtime.com/dog-breeds/tibetan-spaniel
Tibetan Terrier,http://dogtime.com/dog-breeds/tibetan-terrier
Toy Fox Terrier,http://dogtime.com/dog-breeds/toy-fox-terrier
Treeing Tennessee Brindle,http://dogtime.com/dog-breeds/treeing-tennessee-brindle
Treeing Walker Coonhound,http://dogtime.com/dog-breeds/treeing-walker-coonhound
Weimaraner,http://dogtime.com/dog-breeds/weimaraner
Welsh Springer Spaniel,http://dogtime.com/dog-breeds/welsh-springer-spaniel
Welsh Terrier,http://dogtime.com/dog-breeds/welsh-terrier
West Highland White Terrier,http://dogtime.com/dog-breeds/west-highland-white-terrier
Whippet,http://dogtime.com/dog-breeds/whippet
Wirehaired Pointing Griffon,http://dogtime.com/dog-breeds/wirehaired-pointing-griffon
Yorkipoo,http://dogtime.com/dog-breeds/yorkipoo
Yorkshire Terrier,http://dogtime.com/dog-breeds/yorkshire-terrier